{'buy': 'N/A', 'rent': 'N/A'}
200
200
{'buy': 'N/A', 'rent': 'N/A'}
200
200
{'buy': 'N/A', 'rent': 'N/A'}
--------------------------------------------------------------------------------
b'<html><head><meta name="robots" content="noindex, nofollow"/><link href="https://www.zillowstatic.com/vstatic/80d5e73/static/css/z-pages/captcha.css" type="text/css" rel="stylesheet" media="screen"/><script>\n        window._pxAppId = \'PXHYx10rg3\';\n        window._pxJsClientSrc = \'/HYx10rg3/init.js\';\n        window._pxHostUrl = \'/HYx10rg3/xhr\';\n        window._pxFirstPartyEnabled = true;\n        window._pxreCaptchaTheme=\'light\';\n    </script><script type="text/javascript" src="https://captcha.px-cdn.net/PXHYx10rg3/captcha.js?a=c&amp;m=0"></script>\n    <script>\n        function getQueryString(name, url) {\n            if (!url) url = window.location.href;\n            name = name.replace(/[\\[\\]]/g, "\\\\$&");\n            var regex = new RegExp("[?&]" + name + "(=([^&#]*)|&|#|$)"),\n                results = regex.exec(url);\n            if (!results) return null;\n            if (!results[2]) return \'\';\n            return decodeURIComponent(results[2].replace(/\\+/g, " "));\n        }\n        document.addEventListener("DOMContentLoaded", function(e) {\n            var uuidVerifyRegExp = /^\\{?[0-9a-fA-F]{8}-[0-9a-fA-F]{4}-[0-9a-fA-F]{4}-[0-9a-fA-F]{4}-[0-9a-fA-F]{12}\\}?$/i;\n            document.getElementById("uuid").innerText = "UUID: " + uuidVerifyRegExp.exec(getQueryString("uuid"));\n        });\n\n        function handleCaptcha(response) {\n            var vid = getQueryString("vid"); // getQueryString is implemented below\n            var uuid = getQueryString("uuid");\n            var name = \'_pxCaptcha\';\n            var cookieValue =  btoa(JSON.stringify({r:response,v:vid,u:uuid}));\n            var cookieParts = [name, \'=\', cookieValue, \'; path=/\'];\n            cookieParts.push(\'; domain=\' + window.location.hostname);\n            cookieParts.push(\'; max-age=10\');//expire after 10 seconds\n            document.cookie = cookieParts.join(\'\');\n            var originalURL = getOriginalUrl("url");\n            var originalHost = window.location.host;\n            var newHref = window.location.protocol + "//" + originalHost;\n            originalURL = originalURL || \'/\';\n            newHref = newHref + originalURL;\n            window.location.href = newHref;\n        }\n\n        function getOriginalUrl(name) {\n            var url = getQueryString(name);\n            if (!url) return null;\n            var regExMatcher = new RegExp("(([^&#@]*)|&|#|$)");\n            var matches = regExMatcher.exec(url);\n            if (!matches) return null;\n            return matches[0];\n        }\n    </script></head><body><main class="zsg-layout-content"><div class="error-content-block"><div class="error-text-content"><!-- <h1>Captcha</h1> --><h5>Please verify you\'re a human to continue.</h5><div id="content" class="captcha-container"><div id="px-captcha" data-callback="handleCaptcha"></div><img src="https://www.zillowstatic.com/static/logos/logo-65x14.png" width="65" alt="Zillow" height="14"></img></div></div></div></main><h4 id="uuid" class="uuid-string zsg-fineprint"></h4></body></html><!-- H:030  T:2ms  S:2605  R:Sat Apr 29 18:14:57 PDT 2023  B:5.0.70221-master.87d9230~qa,spring_4_pre.b3009fc3 -->'
--------------------------------------------------------------------------------
b'<html><head><meta name="robots" content="noindex, nofollow"/><link href="https://www.zillowstatic.com/vstatic/80d5e73/static/css/z-pages/captcha.css" type="text/css" rel="stylesheet" media="screen"/><script>\n        window._pxAppId = \'PXHYx10rg3\';\n        window._pxJsClientSrc = \'/HYx10rg3/init.js\';\n        window._pxHostUrl = \'/HYx10rg3/xhr\';\n        window._pxFirstPartyEnabled = true;\n        window._pxreCaptchaTheme=\'light\';\n    </script><script type="text/javascript" src="https://captcha.px-cdn.net/PXHYx10rg3/captcha.js?a=c&amp;m=0"></script>\n    <script>\n        function getQueryString(name, url) {\n            if (!url) url = window.location.href;\n            name = name.replace(/[\\[\\]]/g, "\\\\$&");\n            var regex = new RegExp("[?&]" + name + "(=([^&#]*)|&|#|$)"),\n                results = regex.exec(url);\n            if (!results) return null;\n            if (!results[2]) return \'\';\n            return decodeURIComponent(results[2].replace(/\\+/g, " "));\n        }\n        document.addEventListener("DOMContentLoaded", function(e) {\n            var uuidVerifyRegExp = /^\\{?[0-9a-fA-F]{8}-[0-9a-fA-F]{4}-[0-9a-fA-F]{4}-[0-9a-fA-F]{4}-[0-9a-fA-F]{12}\\}?$/i;\n            document.getElementById("uuid").innerText = "UUID: " + uuidVerifyRegExp.exec(getQueryString("uuid"));\n        });\n\n        function handleCaptcha(response) {\n            var vid = getQueryString("vid"); // getQueryString is implemented below\n            var uuid = getQueryString("uuid");\n            var name = \'_pxCaptcha\';\n            var cookieValue =  btoa(JSON.stringify({r:response,v:vid,u:uuid}));\n            var cookieParts = [name, \'=\', cookieValue, \'; path=/\'];\n            cookieParts.push(\'; domain=\' + window.location.hostname);\n            cookieParts.push(\'; max-age=10\');//expire after 10 seconds\n            document.cookie = cookieParts.join(\'\');\n            var originalURL = getOriginalUrl("url");\n            var originalHost = window.location.host;\n            var newHref = window.location.protocol + "//" + originalHost;\n            originalURL = originalURL || \'/\';\n            newHref = newHref + originalURL;\n            window.location.href = newHref;\n        }\n\n        function getOriginalUrl(name) {\n            var url = getQueryString(name);\n            if (!url) return null;\n            var regExMatcher = new RegExp("(([^&#@]*)|&|#|$)");\n            var matches = regExMatcher.exec(url);\n            if (!matches) return null;\n            return matches[0];\n        }\n    </script></head><body><main class="zsg-layout-content"><div class="error-content-block"><div class="error-text-content"><!-- <h1>Captcha</h1> --><h5>Please verify you\'re a human to continue.</h5><div id="content" class="captcha-container"><div id="px-captcha" data-callback="handleCaptcha"></div><img src="https://www.zillowstatic.com/static/logos/logo-65x14.png" width="65" alt="Zillow" height="14"></img></div></div></div></main><h4 id="uuid" class="uuid-string zsg-fineprint"></h4></body></html><!-- H:026  T:3ms  S:2605  R:Sat Apr 29 18:14:58 PDT 2023  B:5.0.70221-master.87d9230~qa,spring_4_pre.b3009fc3 -->'
--------------------------------------------------------------------------------
{'buy': 'N/A', 'rent': 'N/A'}
--------------------------------------------------------------------------------
b'<html><head><meta name="robots" content="noindex, nofollow"/><link href="https://www.zillowstatic.com/vstatic/80d5e73/static/css/z-pages/captcha.css" type="text/css" rel="stylesheet" media="screen"/><script>\n        window._pxAppId = \'PXHYx10rg3\';\n        window._pxJsClientSrc = \'/HYx10rg3/init.js\';\n        window._pxHostUrl = \'/HYx10rg3/xhr\';\n        window._pxFirstPartyEnabled = true;\n        window._pxreCaptchaTheme=\'light\';\n    </script><script type="text/javascript" src="https://captcha.px-cdn.net/PXHYx10rg3/captcha.js?a=c&amp;m=0"></script>\n    <script>\n        function getQueryString(name, url) {\n            if (!url) url = window.location.href;\n            name = name.replace(/[\\[\\]]/g, "\\\\$&");\n            var regex = new RegExp("[?&]" + name + "(=([^&#]*)|&|#|$)"),\n                results = regex.exec(url);\n            if (!results) return null;\n            if (!results[2]) return \'\';\n            return decodeURIComponent(results[2].replace(/\\+/g, " "));\n        }\n        document.addEventListener("DOMContentLoaded", function(e) {\n            var uuidVerifyRegExp = /^\\{?[0-9a-fA-F]{8}-[0-9a-fA-F]{4}-[0-9a-fA-F]{4}-[0-9a-fA-F]{4}-[0-9a-fA-F]{12}\\}?$/i;\n            document.getElementById("uuid").innerText = "UUID: " + uuidVerifyRegExp.exec(getQueryString("uuid"));\n        });\n\n        function handleCaptcha(response) {\n            var vid = getQueryString("vid"); // getQueryString is implemented below\n            var uuid = getQueryString("uuid");\n            var name = \'_pxCaptcha\';\n            var cookieValue =  btoa(JSON.stringify({r:response,v:vid,u:uuid}));\n            var cookieParts = [name, \'=\', cookieValue, \'; path=/\'];\n            cookieParts.push(\'; domain=\' + window.location.hostname);\n            cookieParts.push(\'; max-age=10\');//expire after 10 seconds\n            document.cookie = cookieParts.join(\'\');\n            var originalURL = getOriginalUrl("url");\n            var originalHost = window.location.host;\n            var newHref = window.location.protocol + "//" + originalHost;\n            originalURL = originalURL || \'/\';\n            newHref = newHref + originalURL;\n            window.location.href = newHref;\n        }\n\n        function getOriginalUrl(name) {\n            var url = getQueryString(name);\n            if (!url) return null;\n            var regExMatcher = new RegExp("(([^&#@]*)|&|#|$)");\n            var matches = regExMatcher.exec(url);\n            if (!matches) return null;\n            return matches[0];\n        }\n    </script></head><body><main class="zsg-layout-content"><div class="error-content-block"><div class="error-text-content"><!-- <h1>Captcha</h1> --><h5>Please verify you\'re a human to continue.</h5><div id="content" class="captcha-container"><div id="px-captcha" data-callback="handleCaptcha"></div><img src="https://www.zillowstatic.com/static/logos/logo-65x14.png" width="65" alt="Zillow" height="14"></img></div></div></div></main><h4 id="uuid" class="uuid-string zsg-fineprint"></h4></body></html><!-- H:027  T:4ms  S:2605  R:Sun Apr 30 18:13:51 PDT 2023  B:5.0.70221-master.87d9230~qa,spring_4_pre.b3009fc3 -->'
--------------------------------------------------------------------------------
b'<html><head><meta name="robots" content="noindex, nofollow"/><link href="https://www.zillowstatic.com/vstatic/80d5e73/static/css/z-pages/captcha.css" type="text/css" rel="stylesheet" media="screen"/><script>\n        window._pxAppId = \'PXHYx10rg3\';\n        window._pxJsClientSrc = \'/HYx10rg3/init.js\';\n        window._pxHostUrl = \'/HYx10rg3/xhr\';\n        window._pxFirstPartyEnabled = true;\n        window._pxreCaptchaTheme=\'light\';\n    </script><script type="text/javascript" src="https://captcha.px-cdn.net/PXHYx10rg3/captcha.js?a=c&amp;m=0"></script>\n    <script>\n        function getQueryString(name, url) {\n            if (!url) url = window.location.href;\n            name = name.replace(/[\\[\\]]/g, "\\\\$&");\n            var regex = new RegExp("[?&]" + name + "(=([^&#]*)|&|#|$)"),\n                results = regex.exec(url);\n            if (!results) return null;\n            if (!results[2]) return \'\';\n            return decodeURIComponent(results[2].replace(/\\+/g, " "));\n        }\n        document.addEventListener("DOMContentLoaded", function(e) {\n            var uuidVerifyRegExp = /^\\{?[0-9a-fA-F]{8}-[0-9a-fA-F]{4}-[0-9a-fA-F]{4}-[0-9a-fA-F]{4}-[0-9a-fA-F]{12}\\}?$/i;\n            document.getElementById("uuid").innerText = "UUID: " + uuidVerifyRegExp.exec(getQueryString("uuid"));\n        });\n\n        function handleCaptcha(response) {\n            var vid = getQueryString("vid"); // getQueryString is implemented below\n            var uuid = getQueryString("uuid");\n            var name = \'_pxCaptcha\';\n            var cookieValue =  btoa(JSON.stringify({r:response,v:vid,u:uuid}));\n            var cookieParts = [name, \'=\', cookieValue, \'; path=/\'];\n            cookieParts.push(\'; domain=\' + window.location.hostname);\n            cookieParts.push(\'; max-age=10\');//expire after 10 seconds\n            document.cookie = cookieParts.join(\'\');\n            var originalURL = getOriginalUrl("url");\n            var originalHost = window.location.host;\n            var newHref = window.location.protocol + "//" + originalHost;\n            originalURL = originalURL || \'/\';\n            newHref = newHref + originalURL;\n            window.location.href = newHref;\n        }\n\n        function getOriginalUrl(name) {\n            var url = getQueryString(name);\n            if (!url) return null;\n            var regExMatcher = new RegExp("(([^&#@]*)|&|#|$)");\n            var matches = regExMatcher.exec(url);\n            if (!matches) return null;\n            return matches[0];\n        }\n    </script></head><body><main class="zsg-layout-content"><div class="error-content-block"><div class="error-text-content"><!-- <h1>Captcha</h1> --><h5>Please verify you\'re a human to continue.</h5><div id="content" class="captcha-container"><div id="px-captcha" data-callback="handleCaptcha"></div><img src="https://www.zillowstatic.com/static/logos/logo-65x14.png" width="65" alt="Zillow" height="14"></img></div></div></div></main><h4 id="uuid" class="uuid-string zsg-fineprint"></h4></body></html><!-- H:029  T:3ms  S:2605  R:Sun Apr 30 18:13:51 PDT 2023  B:5.0.70221-master.87d9230~qa,spring_4_pre.b3009fc3 -->'
--------------------------------------------------------------------------------
{'buy': 'N/A', 'rent': 'N/A'}
